{
    "playerPosX": -4.3724589347839359,
    "playerPosY": 1.3114408254623414,
    "playerPosZ": 8.080617904663086,
    "selectedPetId": "middle",
    "playerProgress": 20.0
}