{
    "playerPosX": -9.118206977844239,
    "playerPosY": 2.0031092166900636,
    "playerPosZ": 11.61469554901123,
    "selectedPetId": "small",
    "playerProgress": 10.0
}