{
    "selectedPetId": "small",
    "playerProgress": 10.0,
    "roomScenePosition": {
        "x": -3.948540687561035,
        "y": -0.10000002384185791,
        "z": 2.767591714859009
    },
    "parkScenePosition": {
        "x": 12.963781356811524,
        "y": -0.10000002384185791,
        "z": 126.72344970703125
    }
}