{
    "selectedPetId": "small",
    "playerProgress": 20.0,
    "roomScenePosition": {
        "x": -3.253364324569702,
        "y": -0.025824785232543947,
        "z": 2.5898025035858156
    },
    "parkScenePosition": {
        "x": 28.921056747436525,
        "y": 0.25848251581192019,
        "z": 121.75627136230469
    }
}