{
    "selectedPetId": "small",
    "playerProgress": 20.0,
    "roomScenePosition": {
        "x": -3.728238105773926,
        "y": 0.015626609325408937,
        "z": 2.5143446922302248
    },
    "parkScenePosition": {
        "x": 26.644287109375,
        "y": -0.20000004768371583,
        "z": 119.9280014038086
    }
}