{
    "playerPosX": -3.0715227127075197,
    "playerPosY": -0.10801678895950318,
    "playerPosZ": 2.822239637374878,
    "selectedPetId": "small",
    "playerProgress": 40.0
}