{
    "selectedPetId": "small",
    "playerProgress": 55.0,
    "roomScenePosition": {
        "x": -3.948540687561035,
        "y": -0.10000002384185791,
        "z": 2.767591714859009
    },
    "parkScenePosition": {
        "x": 26.644287109375,
        "y": -0.20000004768371583,
        "z": 119.9280014038086
    }
}