{
    "playerPosX": -4.027137279510498,
    "playerPosY": -0.6863556504249573,
    "playerPosZ": 4.454124450683594,
    "selectedPetId": "middle",
    "playerProgress": 40.0
}