{
    "selectedPetId": "small",
    "playerProgress": 25.0,
    "roomScenePosition": {
        "x": -3.948540687561035,
        "y": -0.10000002384185791,
        "z": 2.767591714859009
    },
    "parkScenePosition": {
        "x": 12.66891860961914,
        "y": -0.15000003576278687,
        "z": 126.84537506103516
    }
}