{
    "selectedPetId": "small",
    "playerProgress": 20.0,
    "roomScenePosition": {
        "x": 0.0,
        "y": 0.0,
        "z": 0.0
    },
    "parkScenePosition": {
        "x": 28.921056747436525,
        "y": 0.25848251581192019,
        "z": 121.75627136230469
    }
}