{
    "playerPosX": -3.860588788986206,
    "playerPosY": -0.6363556385040283,
    "playerPosZ": 4.726283550262451,
    "selectedPetId": "small",
    "playerProgress": 20.0
}